resources.tasks,Constructor,PostProcessing,solve
64,6.95525086,1.93176273,0.547301193
128,7.50952914,2.64294202,0.389121893
256,7.9757003,2.35907218,0.756851113
