resources.tasks,Constructor,PostProcessing,solve
64,13.3771523,6.05134856,1.77942959
128,12.1651382,5.48630262,0.966166758
256,10.5817001,4.86419395,0.936680337
